"0","# remove spaces from the country names in ""long_population"""
"0","long_population$country = gsub("" "", """", long_population$country)"
"0",""
"0","top_10_population = long_population %>%"
"0","  filter(country %in% top_10_country_names) # filter out the data for the top 10 countries"
"0",""
"0","# plot the population over time for the top 10 countries"
"0","ggplot(top_10_population, aes(x = year, y = population, color = country)) +"
"0","  geom_line() +"
"0","  labs(title = ""Population over time for the top 10 countries"", x = ""Year"", y = ""Population"")"
